Symbol,Name
AZN,AstraZeneca
RDSA,Royal Dutch Shell
RDSB,Royal Dutch Shell
ULVR,Unilever
DGE,Diageo
HSBA,HSBC Holdings
GSK,GlaxoSmithKline
BP.,BP
BATS,British American Tobacco
RIO,Rio Tinto
GLEN,Glencore
REL,RELX
BHP,BHP Group
RKT,Reckitt Benckiser Group
BNC,Banco Santander SA
AAL,Anglo American
NG.,National Grid
LSEG,London Stock Exchange Group
PRU,Prudential
LLOY,Lloyds Banking Group
EXPN,Experian
BARC,Barclays
VOD,Vodafone Group
CRH,CRH
CPG,Compass Group
FERG,Ferguson
AHT,Ashtead Group
NWG,NatWest Group
TSCO,Tesco
FLTR,Flutter Entertainment
SMT,Scottish Mortgage Investment Trust
LGEN,Legal & General Group
SSE,SSE
BA.,BAE Systems
SGRO,Segro
BT.A,BT Group
ABF,Associated British Foods
AV.,Aviva
IMB,Imperial Brands
WPM,Wheaton Precious Metals Corp
III,3i Group
CRDA,Croda International
STAN,Standard Chartered
ANTO,Antofagasta
WPP,WPP Group
OCDO,Ocado Group
HLMA,Halma
SPX,Spirax-Sarco Engineering
SN.,Smith & Nephew
JD.,JD Sports Fashion
NXT,Next
RTO,Rentokil Initial
SKG,Smurfit Kappa Group
RR.,Rolls-Royce Group
AVV,Aveva Group
S32,South32 Ltd
ENT,Entain
BNZL,Bunzl
CCH,Coca-Cola HBC AG
ADM,Admiral Group
ITRK,Intertek Group
PSN,Persimmon
STJ,St James's Place
MNDI,Mondi
EVR,Evraz
IHG,InterContinental Hotels Group
SGE,Sage Group
JET,Just Eat Takeaway.Com NV
SDR,Schroders
INF,Informa
WISE,Wise
BDEV,Barratt Developments
UU.,United Utilities Group
SVT,Severn Trent
BRBY,Burberry Group
KGF,Kingfisher
IAG,International Consolidated Airlines Group SA
AUTO,Auto Trader Group
MRO,Melrose Industries
RMV,Rightmove
PHNX,Phoenix Group Holdings
SBRY,Sainsbury (J)
FRES,Fresnillo
HL.,Hargreaves Lansdown
TW.,Taylor Wimpey
BME,B&M European Value Retail SA
ICP,Intermediate Capital Group
AVST,Avast
SMIN,Smiths Group
POLY,Polymetal International
WTB,Whitbread
PSH,Pershing Square Holdings Ltd
DCC,DCC
ECM,Electrocomponents
ONT,Oxford Nanopore Technologies
MGGT,Meggitt
LAND,Land Securities Group
DPH,Dechra Pharmaceuticals
HWDN,Howden Joinery Group
BKG,Berkeley Group Holdings
SMDS,DS Smith
ABDN,abrdn
MNG,M&G
HIK,Hikma Pharmaceuticals
RMG,Royal Mail Group
AAF,Airtel Africa
AIBG,AIB Group
BLND,British Land Co
FCIT,F&C Investment Trust
BBOX,Tritax Big Box REIT
FUTR,Future
PSON,Pearson
MKS,Marks & Spencer Group
HCM,Hutchmed (China) Ltd
IMI,IMI
WEIR,Weir Group
ITV,ITV
UTG,UNITE Group
WIZZ,Wizz Air Holding
RCP,RIT Capital Partners
DOCS,Dr. Martens
DPLM,Diploma
EZJ,easyJet
CNA,Centrica
BWY,Bellway
SXS,Spectris
JMAT,Johnson Matthey
EDV,Endeavour Mining
ABC,Abcam
BPT,Bridgepoint Group
FRAS,Frasers Group
CTEC,ConvaTec Group
DLN,Derwent London
TUI,TUI AG
DLG,Direct Line Insurance Group
PCT,Polar Capital Technology Trust
SCT,Softcat
TPK,Travis Perkins
ROO,Deliveroo Holdings
WOSG,Watches Of Switzerland Group
IGG,IG Group Holdings
INCH,Inchcape
SFOR,S4 Capital
RSW,Renishaw
GRG,Greggs
SSON,Smithson Investment Trust
HICL,HICL Infrastructure
CCC,Computacenter
GAW,Games Workshop Group
UKW,Greencoat UK Wind
GNS,Genus
MNKS,Monks Investment Trust
HBR,Harbour Energy
PNN,Pennon Group
ATST,Alliance Trust
PHLL,Petershill Partners
3IN,3i Infrastructure Ltd
FEVR,Fevertree Drinks
EMG,Man Group
BYG,Big Yellow Group
ROR,Rotork
TATE,Tate & Lyle
TRIG,The Renewables Infrastructure Group Ltd
HSX,Hiscox Ltd
SAFE,Safestore Holdings
HSV,Homeserve
DARK,Darktrace
GFTU,Grafton Group
IWG,IWG
INPP,International Public Partnership Ltd
AUY,Yamana Gold Inc
INVP,Investec
BEZ,Beazley
DNLM,Dunelm Group
LMP,Londonmetric Property
THG,THG
CCL,Carnival
VTY,Vistry Group
VMUK,Virgin Money UK
RWS,RWS Holdings
BVIC,Britvic
HAS,Hays
QLT,Quilter
OSB,OSB Group
RDW,Redrow
DRX,Drax Group
ITM,ITM Power
KNOS,Kainos Group Ltd
WWH,Worldwide Healthcare Trust
ASC,ASOS
SHB,Shaftesbury
MDC,Mediclinic International
PETS,Pets at Home Group
GRI,Grainger
CSP,Countryside Properties
JET2,Jet2
HVPE,Harbourvest Global Private Equity Ltd
ULE,Ultra Electronics Holdings
KWS,Keywords Studios
PTEC,Playtech
CLDN,Caledonia Investments
VCT,Victrex
PAGE,PageGroup
MRC,Mercantile Investment Trust
CBG,Close Brothers Group
TEM,Templeton Emerging Markets Investment Trust
DOM,Domino's Pizza Group
ASHM,Ashmore Group
SVS,Savills
AGR,Assura
FGT,Finsbury Growth & Income Trust
PHP,Primary Health Properties
CWK,Cranswick
SSPG,SSP Group
SMWH,WH Smith
IPX,IMPAX Asset Management Group
HGT,HgCapital Trust
SEQI,Sequoia Economic Infrastructure Income Fund Ltd
SYNT,Synthomer
CWR,Ceres Power Holdings
WTAN,Witan Investment Trust
GPOR,Great Portland Estates
GBG,GB Group
IHP,IntegraFin Holdings
INDV,Indivior
ASCL,Ascential
PIN,Pantheon International
FXPO,Ferrexpo
ATG,Auction Technology Group
HTWS,Helios Towers
PNL,Personal Assets Trust
CTY,City of London Investment Trust
YOU,YouGov
N91,Ninety One
BBY,Balfour Beatty
SPT,Spirent Communications
DATA,GlobalData
SRE,Sirius Real Estate Ltd
VVO,Vivo Energy
BUR,Burford Capital Ltd
BOY,Bodycote
SRP,Serco Group
NETW,Network International Holdings
IEM,Impax Environmental Markets
BNKR,Bankers Investment Trust
VEIL,Vietnam Enterprise Investments Ltd
BAB,Babcock International Group
HRI,Herald Investment Trust
BREE,Breedon Group
GAMA,Gamma Communications
CVSG,CVS Group
FCSS,Fidelity China Special Situations
NEX,National Express Group
AJB,AJ Bell
BOO,Boohoo Group
TRY,TR Property Investment Trust
ENOG,Energean
QQ.,QinetiQ Group
RHIM,RHI Magnesita NV
GROW,Molten Ventures
SONG+SONC,Hipgnosis Songs Fund Ltd
OXIG,Oxford Instruments
KAPE,Kape Technologies
AML,Aston Martin Lagonda Global Holdings
ATT,Allianz Technology Trust
JMG,JPMorgan Emerging Markets Inv Trust
MAB,Mitchells & Butlers
JAM,JPMorgan American Investment Trust
WKP,Workspace Group
GEN,Genuit Group
HMSO,Hammerson
SNN,Sanne Group
MYI,Murray International Trust
CAPC,Capital & Counties Properties
JUP,Jupiter Fund Management
HILS,Hill & Smith Holdings
SYNC,Syncona Ltd
PAG,Paragon Banking Group
VCP,Victoria
LTG,Learning Technologies Group
MCRO,Micro Focus International
FEV,Fidelity European Trust
MSLH,Marshalls
FDM,FDM Group Holdings
BYIT,Bytes Technology Group
JTC,JTC
TRST,Trustpilot Group
PLUS,Plus500 Ltd
SIR,Secure Income REIT
CURY,Currys
TRN,Trainline
AWE,Alphawave IP Group
LIO,Liontrust Asset Management
CHRY,Chrysalis Investment Ltd
WG.,Wood Group (John)
JHD,James Halstead
TIFS,TI Fluid Systems
MOON,Moonpig Group
OTV2,Octopus Titan VCT
ASL,Aberforth Smaller Companies Trust
IPO,IP Group
LRE,Lancashire Holdings Ltd
GLO,ContourGlobal
TEP,Telecom plus
BBGI,Bilfinger Berger Global Infrastructure SICAV SA
RAT,Rathbone Brothers
NFC,Next Fifteen Communications Group
CLIN,Clinigen Group
JDW,Wetherspoon (JD)
VSVS,Vesuvius
TCAP,TP ICAP
SUPR,Supermarket Income Reit
EWI,Edinburgh Worldwide Investment Trust
KOS,Kosmos Energy Ltd
CKN,Clarkson
MGNS,Morgan Sindall
BCG,Baltic Classifieds Group
MONY,Moneysupermarket.com Group
UPR,Uniphar
888,888 Holdings
BBH,BB Healthcare Trust
SMS,Smart Metering Systems
BRW,Brewin Dolphin Holdings
APAX,APAX Global Alpha Ltd
FAN,Volution Group
AGT,AVI Global Trust
BIFF,Biffa
EDIN,Edinburgh Investment Trust
BRWM,BlackRock World Mining Trust
MUT,Murray Income Trust
REDD,Redde Northgate
BRSC,BlackRock Smaller Companies Trust
JFJ,JPMorgan Japanese Investment Trust
OXB,Oxford BioMedica
XPP,XP Power Ltd
LXI,LXI REIT
HFG,Hilton Food Group
MGAM,Morgan Advanced Materials
CEY,Centamin
TM17,Team17 Group
COA,Coats Group
ERM,Euromoney Institutional Investor
BPCP,Biopharma Credit
SPI,Spire Healthcare Group
ESNT,Essentra
THRG,Blackrock Throgmorton Trust
LWDB,Law Debenture Corp
UKCM,UK Commercial Property Trust Ltd
BHMG,BH Macro Ltd
DSCV,Discoverie Group
BGSC,BMO Global Smaller Companies
DIGS,GCP Student Living
USA,Baillie Gifford US Growth Trust
SDP,Schroder AsiaPacific Fund
GCP,GCP Infrastructure Investments Ltd
FSV,Fidelity Special Values
EBOX,Tritax Eurobox
CRST,Crest Nicholson Holdings Ltd
PFD,Premier Foods
SAIN,Scottish American Investment Co
BIG,Big Technologies
SEIT,SDCL Energy Efficiency Income Trust
BGFD,Baillie Gifford Japan Trust
CNE,Capricorn Energy
MTO,Mitie Group
HSL,Henderson Smaller Companies Investment Trust
TBCG,TBC Bank Group
AFX,Alpha FX Group
CCR,C&C Group
PFG,Provident Financial
CLI,CLS Holdings
DEC,Diversified Energy Company
,FTSE 250 automatic entry position
EOT,European Opportunities Trust
SHED,Urban Logistics REIT
DEVO,Devolver Digital Inc
SUMO,Sumo Group
SLPE,Standard Life Private Equity Trust
ICGT,ICG Enterprise Trust
PZC,PZ Cussons
JEDT,JPMorgan European Discovery Trust
NBPE,NB Private Equity Partners Ltd
RCH,Reach
TUNE,Focusrite
PRTC,Puretech Health
VOF,VinaCapital Vietnam Opportunity Fund Ltd
EMIS,EMIS Group
CGT,Capital Gearing Trust
CRW,Craneware
JUST,Just Group
MRL,Marlowe
JPE,JPMorgan Elect
CHG,Chemring Group
TRMR,Tremor International Ltd
DGI9,Digital 9 Infrastructure
IBST,Ibstock
PEYS,Princess Private Equity Holding Ltd
IDEA,Ideagen
TYMN,Tyman
BCPT,BMO Commercial Property Trust Ltd
PHI,Pacific Horizon Investment Trust
POLR,Polar Capital Holdings
FOUR,4imprint Group
MXCN,Maxcyte Inc
TET,Treatt
ELM,Elementis
BGEO,Bank of Georgia Group
FGP,FirstGroup
MAB1,Mortgage Advice Bureau Holdings Ltd
POG,Petropavlovsk
HFD,Halfords Group
MXCT,Maxcyte Inc
WHR,Warehouse REIT
CMCX,CMC Markets
OCI,Oakley Capital Investments Ltd
FEML,Fidelity Emerging Markets Ltd
ERGO,Ergomed
AUSC,Abrdn UK Smaller Companies Growth Trust
BAKK,Bakkavor Group
RNK,Rank Group
JGGI,JPMorgan Global Growth & Income
TMPL,Temple Bar Investment Trust
CLG,Clipper Logistics Group Ltd
THRL,Target Healthcare REIT Ltd
NCC,NCC Group
CRE,Conduit Holdings Ltd
HOME,Home Reit
RTN,Restaurant Group
HBRN,Hibernia REIT
ICGC,Irish Continental Group
AMS,Advanced Medical Solutions Group
RICA,Ruffer Investment Company Ltd
CRN,Cairn Homes
MRCH,Merchants Trust
KLR,Keller Group
HOTC,Hotel Chocolat Group Ltd
SOI,Schroder Oriental Income Fund Ltd
YNGA,Young & Co's Brewery
YNGN,Young & Co's Brewery
TRG,TR European Growth Trust
FDEV,Frontier Developments
BRGE,BlackRock Greater Europe Investment Trust
BGS,Baillie Gifford Shin Nippon
SEPL,SEPLAT Petroleum Development Co
GNC,Greencore Group
WJG,Watkin Jones
EUA,Eurasia Mining
VTC,Vitec Group
DAL,Dalata Hotel Group Ltd
HOC,Hochschild Mining
RNWH,Renew Holdings
RST,Restore
CTH,CareTech Holdings
SQZ,Serica Energy
TLW,Tullow Oil
NAS,North Atlantic Smaller Companies Inv Trust
SOLG,SolGold
WPS,W.A.G Payment Solutions
DFS,DFS Furniture
JLEN,JLEN Environmental Assets Group Ltd
,FTSE 250 automatic exit position
STEM,SThree
IBPO,Ienergizer Ltd
CPI,Capita
JII,JPMorgan Indian Investment Trust
ORIT,Octopus Renewables Infrastructure Trust
YCA,Yellow Cake
DGN,Asia Dragon Trust
FSFL,Foresight Solar Fund Ltd
FORT,Forterra
BSIF,Bluefield Solar Income Fund Ltd
WIX,Wickes Group
JSG,Johnson Service Group
GGP,Greatland Gold
RWI,Renewi
PANR,Pantheon Resources
RWA,Robert Walters
KETL,Strix Group
PPH,PPHE Hotel Group Ltd
NESF,NextEnergy Solar Fund Ltd
CSH,Civitas Social Housing
PRSR,PRS REIT
PFC,Petrofac Ltd
TFIF,TwentyFour Income Fund Ltd
APH,Alliance Pharma
SNR,Senior
BAG,Barr (AG)
ALFA,Alfa Financial Software Holdings
HWG,Harworth Group
MLI,Industrials Reit Ltd
DOTD,Dotdigital Group
ATYM,Atalaya Mining
TFW,Thorpe (F W)
DMGT,Daily Mail and General Trust
GRID,Gresham House Energy Storage Fund
SHI,SIG
MIDW,Midwich Group
FDP,FD Technologies
PCTN,Picton Property Income Ltd
AFM,Alpha Financial Markets Consulting
SCIN,Scottish Investment Trust
MTVW,Mountview Estates
LUCE,Luceco
MADE,Made.Com Group
FSG,Foresight Group Holdings Ltd
ATR,Schroder Asian Total Return Investment Company
HLCL,Helical
TGA,Thungela Resources Ltd
NICL,Nichols
BGEU,Baillie Gifford European Growth Trust
JDG,Judges Scientific
MWY,Mid Wynd International Inv Trust
CGI,Canadian General Investments Ltd
SRC,SigmaRoc
VLX,Volex Group
AO.,AO World
ESP,Empiric Student Property
KCT,Kin and Carta
EAT,European Assets Trust NV
MARS,Marston's
KIE,Kier Group
DIG,Dunedin Income Growth Inv Trust
BIOG,Biotech Growth Trust
RGL,Regional REIT Ltd
BOKU,Boku Inc
PCFT,Polar Capital Global Financials Trust
SGC,Stagecoach Group
AMYT,Amryt Pharma
RQIH,Randall & Quilter Investment Holdings
BUT,Brunner Investment Trust
WINE,Naked Wines
AAS,Aberdeen Standard Asia Focus
UEM,Utilico Emerging Markets Ltd
CREI,Custodian Reit
CORD,Cordiant Digital Infrastructure Ltd
JCH,JPMorgan Claverhouse Investment Trust
OTB,On The Beach Group
RENX,Renalytix AI
LSL,LSL Property Services
GYM,The Gym Group
SBRE,Sabre Insurance Group
TTG,TT Electronics
PAY,PayPoint
GLE,MJ Gleeson
MTW,Mattioli Woods
BRK,Brooks Macdonald Group
WIN,Wincanton
HFEL,Henderson Far East Income Ltd
ARB,Argo Blockchain
PAC,Pacific Assets Trust
CAML,Central Asia Metals
CINE,Cineworld Group
JAGI,JPMorgan Asia Growth & Income
MPE,M.P. Evans Group
JEMI,JPMorgan Global Emerging Markets Income Trust
ASLI,Aberdeen Standard European Logistics Income
KMR,Kenmare Resources
PODP,Pod Point Group Holdings
GABI,GCP Asset Backed Income Fund Ltd
INDI,Indus Gas Ltd
TKO,Taseko Mines Ltd
CSN,Chesnara
JETG+JETI,JPMorgan European Investment Trust
PINT,Pantheon Infrastructure
SEE,Seeing Machines Ltd
DIVI,Diverse Income Trust
IHR,Impact Healthcare REIT
SNG,Synairgen
LBG,LBG Media
JCGI,JPMorgan China Growth & Income
NAIT,North American Income Trust
MTE,Montanaro European Smaller Companies Trust
GSF,Gore Street Energy Storage Fund
BMK,Benchmark Holdings
ABDP,AB Dynamics
BOWL,Hollywood Bowl Group
AAIF,Aberdeen Asian Income Fund Ltd
SOHO,Triple Point Social Housing REIT
JLP,Jubilee Metals Group
NUM,Numis Corporation
JSE,Jadestone Energy Inc
FCH,Funding Circle Holdings
SWEF,Starwood European Real Estate Finance Ltd
GKP,Gulf Keystone Petroleum Ltd
BOCH,Bank of Cyprus Holdings
TBLD,tinyBuild Inc
DWF,DWF Group Ltd
SAGA,Saga
SPEC,Inspecs Group
BOOT,Boot (Henry)
PCGH,Polar Capital Global Healthcare Growth & Income
BGUK,Baillie Gifford UK Growth Fund
VP.,Vp
PSDL,Phoenix Spree Deutschland Ltd
VIC,Victorian Plumbing Group
MNP,Martin Currie Global Portfolio Trust
AFC,AFC Energy
REVB,Revolution Beauty Group
BPET,BMO Private Equity Trust
TI1,Trian Investors 1 Ltd
BCI,BMO Capital and Income Investment Trust
GENL,Genel Energy
CNIC,CentralNic Group
ANII,Aberdeen New India Investment Trust
THS,Tharisa
BVC,BATM Advanced Communications Ltd
HEAD,Headlam Group
LWI,Lowland Investment Co
FEET,Fundsmith Emerging Equities Trust
RECI,Real Estate Credit Investment PCC Ltd
AVON,Avon Protection
LABS,Life Science Reit
TAM,Tatton Asset Management
ENQ,EnQuest
HEFT,Henderson European Focus Trust
EKF,EKF Diagnostics Holdings
AERS,Aquila European Renewables Income Fund
KGH,Knights Group Holdings
RPS,RPS Group
ACSO,Accesso Technology Group
AXS,Accsys Technologies
PAF,Pan African Resources
ADT1,Adriatic Metals
ABD,Aberdeen New Dawn Investment Trust
GHE,Gresham House
KIST,Kistos
ELIX,Elixirr International
SUS,S & U
ACIC,Abrdn China Investment Company Ltd
PRV,Porvair
APTD,Aptitude Software Group
FAS,Fidelity Asian Values
HINT,Henderson International Income Trust
DVO,Devro
GSEO,VH Global Sustainable Energy Opportunities
HONY,Honeycomb Investment Trust
SDY,Speedy Hire
OCN,Ocean Wilson Holdings
FRP,FRP Advisory Group
TMIP,Taylor Maritime Investments Ltd
SLI,Standard Life Investments Property Inc Trust Ltd
LSC,London Security
AVCT,Avacta Group
BIPS,Invesco Bond Income Plus Ltd
JMF,JPMorgan Mid Cap Investment Trust
HNE,Henderson EuroTrust
PMI,Premier Miton Group
PDG,Pendragon
JMI,JPMorgan Smaller Companies Investment Trust
BGLP,Blackstone Loan Financing Ltd
ADIG,Aberdeen Diversified Income & Growth Trust
PPS,Proton Motor Power Systems
MMH,Marshall Motor Holdings
GHH,Gooch & Housego
IDOX,IDOX
SST,Scottish Oriental Smaller Companies Trust
JUSC,JPMorgan US Smaller Companies IT
IBT,International Biotechnology Trust
SOM,Somero Enterprises Inc
MOTR,Motorpoint Group
DLAR,De La Rue
CGEO,Georgia Capital
JRS,JPMorgan Russian Securities
FJV,Fidelity Japan Trust
BMY,Bloomsbury Publishing
SSIT,Seraphim Space Investment Trust
BRCK,Brickability Group
IIT,Independent Investment Trust
DTY,Dignity
LOK,Lok'nStore Group
SUPP,Schroder UK Public Private Trust
GOG,Go-Ahead Group
XPS,XPS Pensions Group
IKA,Ilika
LGRS,Loungers
PBEE,Pensionbee Group
TRCS,Tracsis
LINV,Lendinvest
APF,Anglo Pacific Group
NCYT,Novacyt SA
IPF,International Personal Finance
AUGM,Augmentum Fintech
SUP,Supreme
AGL,Angle
RCDO,Ricardo
GTLY,Gateley (Holdings)
MTU,Montanaro UK Smaller Companies Inv Tr
MNZS,Menzies (John)
IQE,IQE
SRAD,Stelrad Group
NRR,NewRiver REIT
FSTA,Fuller Smith & Turner
HYVE,Hyve Group
AEP,Anglo-Eastern Plantations
ECEL,Eurocell
CREO,Creo Medical Group
CAY,Charles Stanley Group
HTG,Hunting
CER,Cerillion
SJG,Schroder Japan Growth Fund
RTWG,RTW Venture Fund Ltd
BCN,Bacanora Lithium
RSE,Riverstone Energy Ltd
SREI,Schroder Real Estate Investment Trust Ltd
LTI,Lindsell Train Investment Trust
RIV,River And Mercantile Group
JSGI,Jpmorgan Japan Small Cap Growth & Income
TIGT,Troy Income & Growth Trust
VSL,VPC Specialty Lending Investments
NCYF,CQS New City High Yield Fund Ltd
NXR,Norcros
LTHM,Latham (James)
CLIG,City of London Investment Group
KEYS,Keystone Law Group
LOOK,Lookers
K3C,K3 Capital Group
BRFI,Blackrock Frontiers Investment Trust
AMAT,Amati AIM VCT
SCP,Schroder UK Mid Cap Fund
GDWN,Goodwin
OIG,Oryx International Growth Fund Ltd
PEEL,Peel Hunt Ltd
VTU,Vertu Motors
IGR,IG Design Group
WAND,WANdisco
SLP,Sylvania Platinum Ltd
HZM,Horizonte Minerals
STB,Secure Trust Bank
OAP3,Octopus Apollo VCT 3
BMD,Baronsmead Second Venture Trust
HHV,Hargreave Hale AIM VCT 1
WATR,Water Intelligence
REDX,Redx Pharma Ltd
MCON,Mincon Group
BGCG,Baillie Gifford China Growth Trust
IAT,Invesco Asia Trust
FNTL,Fintel
SDRY,Superdry
SAAS,Microlise Group
MNL,Manchester & London Investment Trust
STS,Securities Trust of Scotland
PHTM,Photo-Me International
ETX,e-Therapeutics
PRE,Pensana Rare Earths
88E,88 Energy Ltd
HHI,Henderson High Income Trust
BVT,Baronsmead Venture Trust
NBMI,NB Global Monthly Income Fund Ltd
PEBB,The Pebble Group
GTE,Gran Tierra Energy Inc
CHRT,Cohort
BOOM,AudioBoom Group
IPEL,Impellam Group
PTAL,PetroTal Corp
TRI,Trifast
SED,Saietta Group
TPX,TPXimpact Holdings
TRB,Tribal Group
TSTL,Tristel
MER,Mears Group
MACF,Macfarlane Group
AGY,Allergy Therapeutics
BREI,BMO Real Estate Investment Ltd
SFR,Severfield
UTL,UIL Ltd
RSG,Resolute Mining Ltd
HEIT,Harmony Energy Income Trust
MCKS,McKay Securities
SCF,Schroder Income Growth Fund
IPU,Invesco Perpetual UK Smaller Companies Investment Trust
GFRD,Galliford Try Holdings
ANCR,Animalcare Group
SAG,Science Group
SAA,M&C Saatchi
ASY,Andrews Sykes Group
CCJI,CC Japan Income & Growth Trust
CARD,Card Factory
BEG,Begbies Traynor Group
RIII,Rights and Issues Inv Trust
EGL,Ecofin Global Utilities And Infrustructure Trust
AIE,Ashoka India Equity Investment Trust
JARA,JPMorgan Global Core Real Assets Ltd
ZTF,Zotefoams
SEC,Strategic Equity Capital
BWNG,Brown (N) Group
MGP,Medica Group
BSE,Base Resources Ltd
INS,Instem Life Science Systems
TMO,Time Out Group
ANIC,Agronomics Ltd
MUL,Mulberry Group
LORD,Lords Group Trading
CHH,Churchill China
CGL,Castelnau Group Ltd
KPC,Keystone Positive Change Investment Trust
RCN,Redcentric
TXP,Touchstone Exploration Inc
CCRD,Cordiant Digital Infrastructure Ltd
TED,Ted Baker
WIL,Wilmington
SDI,SDI Group
VTAS,Volta Finance Ltd
CAM,Camellia
RAV,Raven Property Group Ltd
ACC,Access Intelligence
RESI,Residential Secure Income
QTX,Quartix Holdings
IOG,IOG
PUR,Pure Gold Mining Inc
FSJ,Fisher (James) & Sons
SMIF,TwentyFour Select Monthly Income Fund Ltd
SLE,San Leon Energy
UPGS,UP Global Sourcing Holdings
,FTSE Small Cap entry level = 182.8
IOM,Iomart Group
DEV,Dev Clever Holdings
MMAG,Musicmagpie
CBP,Curtis Banks Group
EPIC,Ediston Property Investment Co
AEWU,AEW UK REIT
WKOF,Weiss Korea Opportunity Fund Ltd
INSE,Inspired Energy
ARR,Aurora Investment Trust
BVXP,Bioventix
BOOK,Literacy Capital
BASC,Brown Advisory US Smaller Companies
TEG,Ten Entertainment Group
EYE,Eagle Eye
PHE,Powerhouse Energy Group
AQX,Aquis Exchange
CIR,Circassia Group
WNWD,Windward Ltd
ASEI,Aberdeen Standard Equity Income Trust
BLTG,Blancco Technology Group
SAR,Sareum Holdings
GR1T,Grit Real Estate Income Group Ltd
AVO,Advanced Oncotherapy
GFM,Griffin Mining Ltd
ESYS,Essensys
FNX,Fonix Mobile
REC,Record
DX.,DX Group
GELN,Gelion
MTEC,Made Tech Group
MMIT,Mobius Investment Trust
MTRO,Metro Bank
ROOF,Atrato Onsite Energy
PEMB,Pembroke VCT B
SCLP,Scancell Holdings
PROC,Procook Group
BRSA,BlackRock Sustainable American Income Trust
CAPD,Capital Ltd
ORPH,Open Orphan
AJOT,AVI Japan Opportunity Trust
GEM,Gemfields Group Ltd
STVG,STV Group
RM.,RM
FTV,Foresight VCT
JOUL,Joules Group
MERC,Mercia Asset Management
TGL,TransGlobe Energy Corp
HDIV,Henderson Diversified Income Trust
CGS,Castings
OIT,Odyssean Investment Trust
ANX,Anexo Group
SUR,Sureserve Group
ARIX,Arix Bioscience
EPWN,Epwin Group
ECK,Eckoh
PPHC,Public Policy Holding Company Inc
ASIT,Aberforth Split Level Income Trust
NAVF,Nippon Active Value Fund
I3E,i3 Energy
G4M,Gear4music (Holdings)
DUKE,Duke Royalty Ltd
SPR,Springfield Properties
CCPG,CVC Credit Partners European Opportunities Ltd
PGOO,ProVen Growth & Income VCT
FWD,Forward Partners Group
LAM,Lamprell
BGO,Bango
MORE,Hostmore
ALL,Atlantic Lithium Ltd
COST,Costain Group
OMG,Oxford Metrics
CARR,Carr's Group
SERE,Schroder European Real Estate Investment Trust Ltd
FARN,Faron Pharmaceuticals OY
CBOX,Cake Box Holdings
GHT,Gresham Technologies
ANP,Anpario
STU,Studio Retail Group
MIND,Mind Gym
MGCI,M&G Credit Income Investment Trust
DORE,Downing Renewables & Infrastructure Trust
FRAN,Franchise Brands
ASAI,ASA International Group
XAR,Xaar
ATS,Artemis Alpha Trust
AT.,Ashtead Technology Holdings
ADVT,AdvancedAdvT Ltd
PDL,Petra Diamonds Ltd
PGHZ,PCGH ZDP
EGY,VAALCO Energy Inc
AVG,Avingtrans
D4T4,D4t4 Solutions
ESKN,Esken Ltd
CGH,Chaarat Gold Holdings Ltd
PVN,ProVen VCT
AFRN,Aferian
CCT,Character Group
IGC,India Capital Growth Fund Ltd
TPT,Topps Tiles
BRLA,BlackRock Latin American Investment Trust
SENS,Sensyne Health
SVML,Sovereign Metals Ltd
HSP,Hargreaves Services
FIF,Finsbury Food Group
ASTO,AssetCo
FOXT,Foxtons Group
AAZ,Anglo Asian Mining
HGEN,Hydrogenone Capital Growth
BELL,Belluscura
DPEU,DP Eurasia NV
MRK,Marks Electrical Group
BMN,Bushveld Minerals Ltd
MCT,Middlefield Canadian Income Trusts Investment Company PCC
CRPR,Cropper (James)
FSF,Foresight Sustainable Forestry Company
DNM,Dianomi
ARBB,Arbuthnot Banking Group
OSEC,Octopus AIM VCT 2
PGR,Phoenix Global Resources
BPM,BP Marsh & Partners
INL,Inland Homes
SBI,Sourcebio International
MBH,Michelmersh Brick Holdings
PCA,Palace Capital
MAJE,Majedie Investments
CMO,CMO Group
JIM,Jarvis Securities
ONC,Oncimmune Holdings
AOM,ActiveOps
W7L,Warpaint London
EMH,European Metals Holdings Ltd
LIT,Litigation Capital Management Ltd
SDG,Sanderson Design Group
BSV,British Smaller Companies VCT
FTF,Foresight 4 VCT
WYN,Wynnstay Group
QXT,Quixant
POLX,Polarean Imaging
HAN+HANA,Hansa Investment Company Ltd
EMAN,Everyman Media Group
BERI,BlackRock Energy and Resources Income Trust
FUL,The Fulham Shore
VINO,Virgin Wines UK
SOLI,Solid State
EQLS,Equals Group
HAT,H&T Group
HUW,Helios Underwriting
FUM,Futura Medical
KOO,Kooth
BEN,Bens Creek Group
BIRD,Blackbird
RMII,RM Infrastructure Income
TUN,Tungsten West
ESO,EPE Special Opportunities Ltd
PHAR,Pharos Energy
AREC,Arecor Therapeutics
HEIQ,Heiq
IGV,Income and Growth VCT
NVT,Northern Venture Trust
NTN,Northern 3 VCT
HOT,Henderson Opportunities Trust
ENW,Enwell Energy
ZOO,Zoo Digital Group
MTC,Mothercare
MANO,Manolete Partners
EAH,Eco Animal Health Group
RBGP,RBG Holdings
NTV,Northern 2 VCT
OBI,Ondine Biomedical Inc
ACRL,Accrol Group Holdings
DDV1,Downing One VCT
CMCL,Caledonia Mining Corp
STAF,Staffline Group
IES,Invinity Energy Systems
EPG,EP Global Opportunities Trust
BUMP,Seraphine Group
CPC,City Pub Group
NWF,NWF Group
AGFX,Argentex Group
CLX,Calnex Solutions
CASP,Caspian Sunrise
DIA,Dialight
SCE,Surface Transforms
NET,Netcall
CYN,CQS Natural Resources Growth & Income
VNH,Vietnam Holding Ltd
MCB,McBride
HSS,HSS Hire Group
MPAC,Mpac Group
NSI,New Star Investment Trust
EQT,EQTEC
PGH,Personal Group Holdings
VLS,Velocys
ARTL,Alpha Real Trust Ltd
VIP,Value & Indexed Property Income Trust
TEEC,Triple Point Energy Efficiency Infrastructure Company
AATG,Albion Technology & General VCT
NEXS,Nexus Infrastructure
MIGO,Migo Opportunities Trust
XLM,XLMedia
STX,Shield Therapeutics
TPFG,Property Franchise Group
BKS,Beeks Financial Cloud Group
KITW,Kitwave Group
SPE,Sopheon
LBOW,ICG-Longbow Senior Secured UK Property Debt Investments Ltd
STCM,Steppe Cement Ltd
CIC,Conygar Investment Company
CAL,Capital & Regional
CCP,Celtic
C4XD,C4X Discovery Holdings
DNL,Diurnal Group
MINI,Miton UK Microcap Trust
DDDD,4D Pharma
BLV,Belvoir Group
AEET,Aquila Energy Efficiency Trust
SNWS,Smiths News
MIX,Mobeus Income & Growth VCT
CRS,Crystal Amber Fund Ltd
DCTA,Directa Plus
FAR,Ferro-Alloys Resources Ltd
KAY,Kings Arms Yard VCT
AJIT,Aberdeen Japan Investment Trust
BEM,Beowulf Mining
ETP,Eneraqua Technologies
APTA,Aptamer Group
BEMO,Baring Emerging EMEA Opportunities
YGEN,Yourgene Health
THX,Thor Explorations Ltd
SIS,Science In Sport Ltd
GMR,Gaming Realms
LIKE,Likewise Group
AAEV,Albion Enterprise VCT
AADV,Albion Development VCT
JZCP,JZ Capital Partners Ltd
TRR,Trident Royalties
ZPHR,Zephyr Energy
LDG,Logistics Development Group
MHN,Menhaden
SBSI,Schroder Bsc Social Impact Trust
JAY,Bluejay Mining
OTMP,OnTheMarket
RBW,Rainbow Rare Earths Ltd
RMMC,River And Mercantile UK Micro Cap Investment Co Ltd
CBA,Ceiba Investments Ltd
DFCH,Distribution Finance Capital Holdings
AXI,Axiom European Financial Debt Ltd
SCS,SCS Group
BMS,Braemar Shipping Services
MATE,JPMorgan Multi-Asset Trust
PMP,Portmeirion Group
FEN,Frenkel Topping Group
IHC,Inspiration Healthcare Group
RAI,RA International Group
DXRX,Diaceutics
ALU,Alumasc Group
DNE,Dunedin Enterprise Investment Trust
SHG,Shanta Gold Ltd
DEVC,Draper Esprit VCT
FLO,Flowtech Fluidpower
ASCI,Aberdeen Smaller Companies Income Trust
SHRS,Shires Income
CAU,Centaur Media
BSC,British Smaller Companies VCT 2
DWHA,Dewhurst
DWHT,Dewhurst
WBI,Woodbois Ltd
CTA,CT Automotive Group
HSW,Hostelworld Group
SBO,Schroder British Opportunities Trust
LIV,Livermore Investments Group Ltd
KBT,K3 Business Technology Group
BSRT,Baker Steel Resources Trust Ltd
MIRI,Mirriad Advertising
MIG4,Mobeus Income & Growth 4 VCT
GSP,Gensource Potash Corp
TENG,Ten Lifestyle Group
EJFI,EJF Investments Ltd
GPH,Global Ports Holding
SYME,Supply@Me Capital
MCL,Morses Club
NWOR,National World
FIN,Finablr
MAV4,Maven Income & Growth VCT4
BHI,BMO UK High Income Trust
ELCO,Eleco
CUSN,Cornish Metals Inc
4BB,4basebio
HUR,Hurricane Energy
TRLS,Trellus Health
IQG,IQGEO Group
PURP,Purplebricks Group
TGR,Tirupati Graphite
SAV,Savannah Resources
TOWN,Town Centre Securities
VRCI,Verici Dx
JEL,Jersey Electricity Company Ltd
RLE,Real Estate Investors
MEX,Tortilla Mexican Grill
CRWN,Crown Place VCT
SFE,SafeStyle UK Ltd
MJH,MJ Hudson Group
ALS,Altus Strategies
JKX,JKX Oil & Gas
GEMD,Gem Diamonds Ltd
OKYO,OKYO Pharma Corp
HRN,Hornby
FOG,Falcon Oil & Gas Ltd
KMK,Kromek Group
RNO,Renold
ART,The Artisanal Spirits Company
SPSY,Spectra Systems Corp
SPSC,Spectra Systems Corp
CTO,TClarke
MWE,MTI Wireless Edge Ltd
GRIO,Ground Rents Income Fund
CML,CML Microsystems
HSD,Hansard Global
ARE,Arena Events Group
EML,Emmerson
MVI,Marwyn Value Investors Ltd
SBTX,SkinBioTherapeutics
XPD,Xpediator
MKA,Mkango Resources Ltd
SOS,Sosandar
MIG5,Maven Income & Growth VCT 5
ATM,AfriTin Mining Ltd
TRU,TruFin
PXC,Phoenix Copper Ltd
TLY,Totally
DEST,Destiny Pharma
ATQT,Attraqt Group Ltd
NBDG,NB Distressed Debt Investment Fund Ltd
CNS,Corero Network Security
AEXG,Aex Gold Inc
SRT,SRT Marine Systems
MAVT,Momentum Multi-Asset Value Trust
SMJ,J Smart & Co Contractors
TRIN,Trinity Exploration and Production
AVAP,Avation
VARE,Various Eateries
CRC,Circle Property
JEFI,Jupiter Emerging & Frontier Income Trust
CRL,Creightons
AURA,Aura Energy Ltd
MIG1,Maven Income & Growth VCT
SCRF,SME Credit Realisation Fund Ltd
HUM,Hummingbird Resources
NANO,Nanoco Group
GMS,Gulf Marine Services
JGC,Jupiter Green Investment Trust
AIRE,Alternative Income REIT
FCAP,finnCap Group
TMG,The Mission Group
GCL,Geiger Counter Ltd
VRS,Versarien
RMM,Rambler Metals and Mining
CNC,Concurrent Technologies
CIN,City of London Group
TSL,ThinkSmart Ltd
AIR,Air Partner
EXR,Engage Xr Holdings
SHOE,Shoe Zone
BMPI,BMO Managed Portfolio Trust
RE.,R.E.A. Holdings
ADT,AdEPT Technology Group
FIPP,Frontier IP Group
MXC,MGC Pharmaceuticals Ltd
KWG,Kingswood Holdings Ltd
BOTB,Best of the Best
CKT,Checkit
ALM,Allied Minds
GRL,GoldStone Resources Ltd
CHAR,Chariot Oil & Gas Ltd
INHC,Induction Healthcare Group
RBG,Revolution Bars Group
DVRG,DeepVerge
SPA,1Spatial Holdings
MAI,Maintel Holdings
ARS,Asiamet Resources Ltd
RFX,Ramsdens Holdings
ULS,ULS Technology
MYSL,MySale Group
CYAN,Cyanconnode Holdings
SYS1,System1 Group
AMTE,Amte Power
TUNG,Tungsten Corp
CFX,Colefax Group
AAVC,Albion Venture Capital Trust
KOD,Kodal Minerals
INSG,Insig AI
VANL,Van Elle Holdings
AFRK,Afarak Group
SMD,Spectral MD Holdings Ltd
RKW,Rockwood Realisation
KNB,Kanabo Group
ITS,In The Style Group
NBI,Northbridge Industrial Services
LLAI,Lunglife Ai Inc
PNS,Panther Securities
RENE,ReNeuron Group
POLB,Poolbeg Pharma
AAU,Ariana Resources
QRT,Quarto Group Inc
TERN,Tern
EAAS,eEnergy Group
,FTSE Small Cap exit level = 45.7
PMG,Parkmead Group
ODX,Omega Diagnostics Group
MIG3,Maven Income & Growth VCT 3
OPG,OPG Power Ventures
GUS,Gusbourne
KRPZ,Kropz
CNR,Condor Gold
HCFT,Highcroft Investments
JOG,Jersey Oil and Gas
APP,Appreciate Group
XPF,Xp Factory
CNKS,Cenkos Securities
LIB,Libertine Holdings
G3E,G3 Exploration Ltd
ADV,Advance Energy
TEK,Tekcapital
SDV,Chelverton UK Dividend Trust
IGP,Intercede Group
SRB,Serabi Gold
SGZ,Scotgold Resources Ltd
BIDS,Bidstack Group
SLFR,SLF Realisation Fund Ltd
WEN,Wentworth Resources Ltd
ANG,Angling Direct
HE1,Helium One Global Ltd
ASLR,Asimilar Group
GATC,Gattaca
XTR,Xtract Resources
ZNWD,Zinnwald Lithium
PPC,President Energy
SYM,Symphony Environmental Technologies
BBB,Bigblu Broadband
EBQ,Ebiquity
IUG,Intelligent Ultrasound Group
EMR,Empresaria Group
ABDX,Abingdon Health
BRIG,Blackrock Income & Growth Investment Trust
THRU,Thruvision Group
PTR,Petroneft Resources
EME,Empyrean Energy
WCAT,Wildcat Petroleum
GOOD,Good Energy Group
ECO,Eco (Atlantic) Oil & Gas Ltd
COG,Cambridge Cognition Holdings
DCI,Dolphin Capital Investors Ltd
GDR,Genedrive
TM1,Technology Minerals
OBD,Oxford BioDynamics
DPP,DP Poland
OPTI,OptiBiotix Health
SGEM,ScotGems
VLG,Venture Life Group
SPO,Sportech
TRX,Tissue Regenix Group
CALL,Cloudcall Group
PCIP,PCI-PAL
KDNC,Cadence Minerals
FLTA,Filta Group Holdings
PREM,Premier African Minerals Ltd
PU13,Puma VCT 13
YU.,Yu Group
TPG,TP Group
GRC,GRC International Group
GPM,Golden Prospect Precious Metals Ltd
WSE,Work Service SA
ITIM,Itim Group
DSM,Downing Strategic Micro-Cap Investment Trust
FPO,First Property Group
NGHT,Nightcap
LBE,Longboat Energy
GFIN,Gfinity
RKH,Rockhopper Exploration
PMGR,Premier Miton Global Renewables Trust
SOU,Sound Energy
GST,GSTechnologies Ltd
QFI,Quadrise Fuels International
MSI,MS International
IOF,Iofina
MTR,Metal Tiger
CBX,Cellular Goods
WRKS,TheWorks.co.uk
CHLL,Chill Brands Group
GEEC,Great Eastern Energy Corp
GETB,GetBusy
SKL,Skillcast Group
D4G,Downing Four VCT Generalist
BMTO,Braime (T F & J H) (Holdings)
BMT,Braime (T F & J H) (Holdings)
MCLS,McColl's Retail Group Ltd
CPX,CAP-XX Ltd
DELT,Deltic Energy
SBDS,Silver Bullet Data Services Group
UHS,Umuthi Healthcare Solutions
VLE,Volvere
AET,Afentra
ZOL,Zoltav Resources Inc
GLAN,Glantus Holdings
BKY,Berkeley Energia Ltd
EISB,East Imperial
CPP,CPP Group
ALTN,Altyn
ENET,Ethernity Networks Ltd
PHC,Plant Health Care
GENI,Genincode
HAYD,Haydale Graphene Industries
LST,Light Science Technologies Holdings
BILN,Billington Holdings
TND,Tandem Group
WHI,WH Ireland Group
UNG,Universe Group
HARL,Harland & Wolff Group Holdings
MTL,Metals Exploration
SUH,Sutton Harbour Group
OMI,Orosur Mining Inc
SLFX,SLF Realisation Fund Ltd C Shares NPV
ITX,Itaconix
MPO,Macau Property Opportunities Fund Ltd
FAB,Fusion Antibodies
LMS,LMS Capital
EDEN,Eden Research
